{
  "H_true": [
    [
      0.8426488874308758,
      0.7070663706551933,
      -69.94305161721383
    ],
    [
      -0.7070663706551933,
      0.8426488874308758,
      152.8834966448635
    ],
    [
      0.0,
      0.0,
      1.0
    ]
  ],
  "H_est": [
    [
      0.8342946171760559,
      0.6925323605537415,
      -68.29147338867188
    ],
    [
      -0.7064891457557678,
      0.8335695862770081,
      153.064208984375
    ],
    [
      -3.200892388122156e-05,
      -1.91495109902462e-05,
      1.0
    ]
  ],
  "rmse": 1.4978123244751005,
  "mean_error": 1.2688695626926525,
  "median_error": 1.2015961337835823,
  "max_error": 3.966902955902881,
  "std_error": 0.7958717184456684,
  "angular_error": 0.25826263427734375,
  "num_points": 100
}