{
  "num_images": 3,
  "image_names": [
    "IMG01.jpg",
    "IMG02.jpg",
    "IMG03.jpg"
  ],
  "reference_objects": {
    "cuadro_virgen": {
      "dimension": 117.0,
      "unit": "cm",
      "type": "altura"
    },
    "mesa": {
      "dimension": 161.1,
      "unit": "cm",
      "type": "ancho"
    }
  },
  "sift_results": {
    "registrations": [
      {
        "matches": 284,
        "inliers": 215,
        "inlier_ratio": 75.70422535211267,
        "homography": [
          [
            0.48560696176358076,
            0.006434058436617621,
            520.8186042052689
          ],
          [
            -0.24399634946020354,
            1.0624397575605307,
            -34.505643546991536
          ],
          [
            -0.0008180162404967343,
            0.00023905164359820858,
            1.0
          ]
        ]
      },
      {
        "matches": 470,
        "inliers": 215,
        "inlier_ratio": 45.744680851063826,
        "homography": [
          [
            1.1729731250237985,
            0.4862608497625588,
            -83.33629137474189
          ],
          [
            -0.5568440328523919,
            1.2152102762849422,
            254.606895770665
          ],
          [
            -7.472421616135244e-06,
            2.0765829522940357e-05,
            0.9999999999999999
          ]
        ]
      }
    ]
  },
  "orb_results": {
    "registrations": [
      {
        "matches": 1097,
        "inliers": 1058,
        "inlier_ratio": 96.44484958979034,
        "homography": [
          [
            0.42233663584801306,
            -0.05441030097695972,
            533.7350424791659
          ],
          [
            -0.2550488194743991,
            0.9834150794114351,
            -16.752609586235394
          ],
          [
            -0.0008228369572005889,
            0.0001463189585960988,
            1.0
          ]
        ]
      },
      {
        "matches": 761,
        "inliers": 499,
        "inlier_ratio": 65.57161629434954,
        "homography": [
          [
            1.2590170133880887,
            0.4985483681460619,
            -101.65855688232304
          ],
          [
            -0.4986015624974349,
            1.1910670955490703,
            260.99392028728647
          ],
          [
            8.574592604313275e-05,
            5.428373652321619e-07,
            1.0
          ]
        ]
      }
    ]
  },
  "notes": [
    "Panorama creado exitosamente",
    "Siguiente paso: Calibración y medición (Parte 3)",
    "Usar objetos de referencia para establecer escala métrica"
  ]
}