Transformación,RMSE (px),Error Medio (px),Error Angular (°),Matches,Inliers
Rotación 15°,0.5605224649797705,0.4516382141583594,0.08697033989270331,42,36
Rotación 30°,1.2230160226873175,0.9070862165360061,0.6194061306287537,43,36
"Traslación (50, 30)",0.6332804900830097,0.4825330436744447,0.11608769626203436,54,52
Escala 1.2x,2.1211561606847917,1.6137862367430202,0.2296645761540412,46,40
Combinada,2.392048349601296,1.8798056818796403,0.47876406161563523,45,33
