Transformación,RMSE (px),Error Medio (px),Error Angular (°),Matches,Inliers
Rotación 15°,0.08761137411447462,0.08240941343957896,0.008471006033888173,1033,1001
Rotación 30°,0.17731204313074467,0.1768062764930688,0.009526773603656835,1036,1015
"Traslación (50, 30)",0.0391203804721915,0.03299235828259762,0.004697602757668979,1392,1388
Escala 1.2x,0.186726844739685,0.15263271570751974,0.01489354863165108,927,906
Combinada,0.13634959907170077,0.13139530416957468,0.011952652921387141,928,901
