Transformación,RMSE (px),Error Medio (px),Error Angular (°),Matches,Inliers
Rotación 15°,0.641178876441774,0.5308746614374471,0.3432048449620613,41,36
Rotación 30°,1.069725734976289,0.9178793002023802,0.36343012352273973,46,37
"Traslación (50, 30)",1.4942885323473063,1.1564349006131442,0.30418449748342136,50,48
Escala 1.2x,1.8368272988741607,1.5714133914434685,0.3121459367094541,40,38
Combinada,2.383953269429654,2.033842773779037,0.12312954867599402,44,31
