{
  "mean": 102.67999999999999,
  "std": 38.225083387744235,
  "precision_level": "BAJA"
}